Course,Name of Dish,Meal,Cuisine,Tag Type,Type,Serving Type,Jain,Fried,Baked,Steamed,Sugar-Free,Gluten,Nuts,Vegan,s3_key
Main Course,Vegetarian Sushi,"Lunch,Dinner",International,Chinese,Vegetarian,gms,No,Yes,No,Yes,Yes,Yes,No,Yes,
Main Course,Tofu Stir Fry,"Lunch,Dinner",International,Chinese,Vegetarian,gms,No,Yes,No,Yes,Yes,Yes,No,Yes,
Main Course,Vegetable Tempura,"Lunch,Dinner",International,Chinese,Vegetarian,gms,No,Yes,No,Yes,Yes,Yes,No,Yes,
Main Course,Pad Thai Jay,"Lunch,Dinner",International,Chinese,Vegetarian,gms,No,Yes,No,Yes,Yes,Yes,No,Yes,
Main Course,Green Curry Vegetables,"Lunch,Dinner",International,Chinese,Vegetarian,gms,No,Yes,No,Yes,Yes,Yes,No,Yes,
Main Course,Miso Soup,"Lunch,Dinner",International,Chinese,Vegetarian,gms,No,Yes,No,Yes,Yes,Yes,No,Yes,
Main Course,Stir-fried Tofu with Basil,"Lunch,Dinner",International,Chinese,Vegetarian,gms,No,Yes,No,Yes,Yes,Yes,No,Yes,
Main Course,Vegetarian Ramen,"Lunch,Dinner",International,Chinese,Vegetarian,gms,No,Yes,No,Yes,Yes,Yes,No,Yes,
Main Course,Tofu Teriyaki,"Lunch,Dinner",International,Chinese,Vegetarian,gms,No,Yes,No,Yes,Yes,Yes,No,Yes,
Main Course,Vegetable Dumplings,"Lunch,Dinner",International,Chinese,Vegetarian,gms,No,Yes,No,Yes,Yes,Yes,No,Yes,
Main Course,Ginger Tofu,"Lunch,Dinner",International,Chinese,Vegetarian,gms,No,Yes,No,Yes,Yes,Yes,No,Yes,
Main Course,Vegetarian Pho,"Lunch,Dinner",International,Chinese,Vegetarian,gms,No,Yes,No,Yes,Yes,Yes,No,Yes,
Main Course,Mapo Tofu,"Lunch,Dinner",International,Chinese,Vegetarian,gms,No,Yes,No,Yes,Yes,Yes,No,Yes,
Main Course,Vegetarian Soba Noodles,"Lunch,Dinner",International,Chinese,Vegetarian,gms,No,Yes,No,Yes,Yes,Yes,No,Yes,
Main Course,Vegetarian Laksa,"Lunch,Dinner",International,Chinese,Vegetarian,gms,No,Yes,No,Yes,Yes,Yes,No,Yes,
Main Course,Vegetarian Spring Rolls,"Lunch,Dinner",International,Chinese,Vegetarian,gms,No,Yes,No,Yes,Yes,Yes,No,Yes,
Main Course,Thai Green Curry,"Lunch,Dinner",International,Chinese,Vegetarian,gms,No,Yes,No,Yes,Yes,Yes,No,Yes,
Main Course,Tom Yum Soup,"Lunch,Dinner",International,Chinese,Vegetarian,gms,No,Yes,No,Yes,Yes,Yes,No,Yes,
Main Course,Sesame Tofu,"Lunch,Dinner",International,Chinese,Vegetarian,gms,No,Yes,No,Yes,Yes,Yes,No,Yes,
Main Course,Vegetable Lo Mein,"Lunch,Dinner",International,Chinese,Vegetarian,gms,No,Yes,No,Yes,Yes,Yes,No,Yes,
Main Course,Eggplant in Garlic Sauce,"Lunch,Dinner",International,Chinese,Vegetarian,gms,No,Yes,No,Yes,Yes,Yes,No,Yes,
Main Course,Vegetarian Hot Pot,"Lunch,Dinner",International,Chinese,Vegetarian,gms,No,Yes,No,Yes,Yes,Yes,No,Yes,
Main Course,Buddha's Delight,"Lunch,Dinner",International,Chinese,Vegetarian,gms,No,Yes,No,Yes,Yes,Yes,No,Yes,
Main Course,Vegetable Chow Mein,"Lunch,Dinner",International,Chinese,Vegetarian,gms,No,Yes,No,Yes,Yes,Yes,No,Yes,
Main Course,General Tso's Tofu,"Lunch,Dinner",International,Chinese,Vegetarian,gms,No,Yes,No,Yes,Yes,Yes,No,Yes,
Main Course,Vegetarian Banh Mi,"Lunch,Dinner",International,Thai,Vegetarian,gms,No,Yes,No,Yes,Yes,Yes,No,Yes,
Main Course,Japanese Udon,"Lunch,Dinner",International,Thai,Vegetarian,gms,No,Yes,No,Yes,Yes,Yes,No,Yes,
Main Course,Yaki Onigiri,"Lunch,Dinner",International,Thai,Vegetarian,gms,No,Yes,No,Yes,Yes,Yes,No,Yes,
Main Course,Vegetarian Gyoza,"Lunch,Dinner",International,Thai,Vegetarian,gms,No,Yes,No,Yes,Yes,Yes,No,Yes,
Main Course,Nasu Dengaku,"Lunch,Dinner",International,Thai,Vegetarian,gms,No,Yes,No,Yes,Yes,Yes,No,Yes,
Main Course,Vegetable Fried Rice,"Lunch,Dinner",International,Thai,Vegetarian,gms,No,Yes,No,Yes,Yes,Yes,No,Yes,
Main Course,Vegetable Katsu Curry,"Lunch,Dinner",International,Thai,Vegetarian,gms,No,Yes,No,Yes,Yes,Yes,No,Yes,
Main Course,Vegetarian Tom Kha,"Lunch,Dinner",International,Thai,Vegetarian,gms,No,Yes,No,Yes,Yes,Yes,No,Yes,
Main Course,Moo Shu Vegetables,"Lunch,Dinner",International,Thai,Vegetarian,gms,No,Yes,No,Yes,Yes,Yes,No,Yes,
Main Course,Vegetable Biryani,"Lunch,Dinner",International,Thai,Vegetarian,gms,No,Yes,No,Yes,Yes,Yes,No,Yes,
Main Course,Vegetarian Singapore Noodles,"Lunch,Dinner",International,Thai,Vegetarian,gms,No,Yes,No,Yes,Yes,Yes,No,Yes,
Main Course,Crispy Tofu,"Lunch,Dinner",International,Thai,Vegetarian,gms,No,Yes,No,Yes,Yes,Yes,No,Yes,
Main Course,Tofu Salad,"Lunch,Dinner",International,Thai,Vegetarian,gms,No,Yes,No,Yes,Yes,Yes,No,Yes,
Main Course,Vegetarian Dumplings,"Lunch,Dinner",International,Thai,Vegetarian,gms,No,Yes,No,Yes,Yes,Yes,No,Yes,
Main Course,Shoyu Ramen,"Lunch,Dinner",International,Thai,Vegetarian,gms,No,Yes,No,Yes,Yes,Yes,No,Yes,
Main Course,Vegetable Tempura Udon,"Lunch,Dinner",International,Thai,Vegetarian,gms,No,No,No,Yes,Yes,Yes,No,Yes,
Main Course,Vegetarian Yakisoba,"Lunch,Dinner",International,Thai,Vegetarian,gms,No,No,No,Yes,Yes,Yes,No,Yes,
Main Course,Vegetarian Sushi Rolls,"Lunch,Dinner",International,Thai,Vegetarian,gms,No,No,No,Yes,Yes,Yes,No,Yes,
Main Course,Thai Basil Tofu,"Lunch,Dinner",International,Thai,Vegetarian,gms,No,No,No,Yes,Yes,Yes,No,Yes,
Main Course,Vegetable Satay,"Lunch,Dinner",International,Thai,Vegetarian,gms,No,No,No,Yes,Yes,Yes,No,Yes,
Main Course,Vegetarian Red Curry,"Lunch,Dinner",International,Thai,Vegetarian,gms,No,No,No,Yes,Yes,Yes,No,Yes,
Main Course,Vegetarian Pad See Ew,"Lunch,Dinner",International,Thai,Vegetarian,gms,No,No,No,Yes,Yes,Yes,No,Yes,
Main Course,Japanese Curry Rice,"Lunch,Dinner",International,Thai,Vegetarian,gms,No,No,No,Yes,Yes,Yes,No,Yes,
Main Course,Chinese Broccoli in Oyster Sauce,"Lunch,Dinner",International,Thai,Vegetarian,gms,No,No,No,Yes,Yes,Yes,No,Yes,
Main Course,Tofu and Broccoli,"Lunch,Dinner",International,Thai,Vegetarian,gms,No,No,No,Yes,Yes,Yes,No,Yes,
Main Course,Vegetarian Bibimbap,"Lunch,Dinner",International,Japanese,Vegetarian,gms,No,No,No,No,Yes,Yes,No,Yes,
Main Course,Vegetarian Okonomiyaki,"Lunch,Dinner",International,Japanese,Vegetarian,gms,No,No,No,No,Yes,Yes,No,Yes,
Main Course,Spinach Ohitashi,"Lunch,Dinner",International,Japanese,Vegetarian,gms,No,No,No,No,Yes,Yes,No,Yes,
Main Course,Vegetable Hokkien Mee,"Lunch,Dinner",International,Japanese,Vegetarian,gms,No,No,No,No,Yes,Yes,No,Yes,
Main Course,Vegetarian Dim Sum,"Lunch,Dinner",International,Japanese,Vegetarian,gms,No,No,No,No,Yes,Yes,No,Yes,
Main Course,Ginger Scallion Noodles,"Lunch,Dinner",International,Japanese,Vegetarian,gms,No,No,No,No,Yes,Yes,No,Yes,
Main Course,Vegetarian Ma Po Tofu,"Lunch,Dinner",International,Japanese,Vegetarian,gms,No,No,No,No,Yes,Yes,No,Yes,
Main Course,Steamed Buns with Vegetables,"Lunch,Dinner",International,Japanese,Vegetarian,gms,No,No,No,No,Yes,Yes,No,Yes,
Main Course,Vegetarian Chahan,"Lunch,Dinner",International,Japanese,Vegetarian,gms,No,No,No,No,Yes,Yes,No,Yes,
Main Course,Vegetarian Katsu,"Lunch,Dinner",International,Japanese,Vegetarian,gms,No,No,No,No,Yes,Yes,No,Yes,
Main Course,Vegetarian Char Kway Teow,"Lunch,Dinner",International,Japanese,Vegetarian,gms,No,No,No,No,Yes,Yes,No,No,
Main Course,Vegetarian Mee Goreng,"Lunch,Dinner",International,Japanese,Vegetarian,gms,No,No,No,No,Yes,Yes,No,No,
Main Course,Vegetarian Laksa,"Lunch,Dinner",International,Japanese,Vegetarian,gms,No,No,No,No,Yes,Yes,No,No,
Main Course,Vegetarian Dan Dan Noodles,"Lunch,Dinner",International,Japanese,Vegetarian,gms,No,No,No,No,Yes,Yes,No,No,
Main Course,Vegetarian Pho,"Lunch,Dinner",International,Japanese,Vegetarian,gms,No,No,No,No,Yes,Yes,No,No,
Main Course,Vegetarian Sushi Nigiri,"Lunch,Dinner",International,Japanese,Vegetarian,gms,No,No,No,No,Yes,Yes,No,No,
Main Course,Vegetarian Maki Rolls,"Lunch,Dinner",International,Japanese,Vegetarian,gms,No,No,No,No,Yes,Yes,No,No,
Main Course,Vegetarian Unagi,"Lunch,Dinner",International,Japanese,Vegetarian,gms,No,No,No,No,Yes,Yes,No,No,
Main Course,Cucumber Maki,"Lunch,Dinner",International,Japanese,Vegetarian,gms,No,No,No,No,Yes,Yes,No,No,
Main Course,Vegetarian Spring Roll,"Lunch,Dinner",International,Japanese,Vegetarian,gms,No,No,No,No,Yes,Yes,No,No,
Main Course,Grilled Tofu,"Lunch,Dinner",International,Japanese,Vegetarian,gms,No,No,No,No,Yes,Yes,No,No,
Main Course,Grilled Vegetables,"Lunch,Dinner",International,Japanese,Vegetarian,gms,No,No,No,No,Yes,Yes,No,No,
Main Course,Stuffed Bell Peppers,"Lunch,Dinner",International,Japanese,Vegetarian,gms,No,No,No,No,Yes,Yes,No,No,
Main Course,Stir-fried Green Beans,"Lunch,Dinner",International,Japanese,Vegetarian,gms,No,No,No,No,Yes,Yes,No,No,
Main Course,Chinese Eggplant Stir-fry,"Lunch,Dinner",International,Japanese,Vegetarian,gms,No,No,No,No,Yes,Yes,No,No,
Main Course,Peking Duck,"Lunch,Dinner",International,Chinese,Non-Vegetarian,gms,No,No,No,No,Yes,Yes,No,No,
Main Course,Beef Bulgogi,"Lunch,Dinner",International,Chinese,Non-Vegetarian,gms,No,No,No,No,Yes,Yes,No,No,
Main Course,Teriyaki Chicken,"Lunch,Dinner",International,Chinese,Non-Vegetarian,gms,No,No,No,No,Yes,Yes,No,No,
Main Course,Shrimp Tempura,"Lunch,Dinner",International,Chinese,Non-Vegetarian,gms,No,No,No,No,Yes,Yes,No,No,
Main Course,Chicken Katsu,"Lunch,Dinner",International,Chinese,Non-Vegetarian,gms,No,No,No,No,Yes,Yes,No,No,
Main Course,Sweet and Sour Pork,"Lunch,Dinner",International,Chinese,Non-Vegetarian,gms,No,No,No,No,Yes,Yes,No,No,
Main Course,General Tso's Chicken,"Lunch,Dinner",International,Chinese,Non-Vegetarian,gms,No,No,No,No,Yes,Yes,No,No,
Main Course,Chicken Yakitori,"Lunch,Dinner",International,Chinese,Non-Vegetarian,gms,No,No,No,No,Yes,Yes,No,No,
Main Course,Spicy Tuna Roll,"Lunch,Dinner",International,Chinese,Non-Vegetarian,gms,No,No,No,No,Yes,Yes,No,No,
Main Course,Salmon Sashimi,"Lunch,Dinner",International,Chinese,Non-Vegetarian,gms,No,No,No,No,Yes,Yes,No,No,
Main Course,Thai Basil Chicken,"Lunch,Dinner",International,Chinese,Non-Vegetarian,gms,No,No,No,No,Yes,Yes,No,No,
Main Course,Crispy Pork Belly,"Lunch,Dinner",International,Chinese,Non-Vegetarian,gms,No,No,No,No,Yes,Yes,No,No,
Main Course,Korean BBQ Ribs,"Lunch,Dinner",International,Chinese,Non-Vegetarian,gms,No,No,No,No,Yes,Yes,No,No,
Main Course,Sukiyaki,"Lunch,Dinner",International,Chinese,Non-Vegetarian,gms,No,No,No,No,Yes,Yes,No,No,
Main Course,Shabu Shabu,"Lunch,Dinner",International,Chinese,Non-Vegetarian,gms,No,No,No,No,Yes,Yes,No,No,
Main Course,Chicken Satay,"Lunch,Dinner",International,Chinese,Non-Vegetarian,gms,No,No,No,No,No,Yes,No,No,
Main Course,Ginger Chicken,"Lunch,Dinner",International,Chinese,Non-Vegetarian,gms,No,No,No,No,No,Yes,No,No,
Main Course,Chicken Pad Thai,"Lunch,Dinner",International,Chinese,Non-Vegetarian,gms,No,No,No,No,No,Yes,No,No,
Main Course,Beef Chow Fun,"Lunch,Dinner",International,Chinese,Non-Vegetarian,gms,No,No,No,No,No,Yes,No,No,
Main Course,Miso Ramen with Pork,"Lunch,Dinner",International,Chinese,Non-Vegetarian,gms,No,No,No,No,No,Yes,No,No,
Main Course,Chicken Karaage,"Lunch,Dinner",International,Chinese,Non-Vegetarian,gms,No,No,No,No,No,Yes,No,No,
Main Course,Beef Teppanyaki,"Lunch,Dinner",International,Chinese,Non-Vegetarian,gms,No,No,No,No,No,Yes,No,No,
Main Course,Lemongrass Chicken,"Lunch,Dinner",International,Chinese,Non-Vegetarian,gms,No,No,No,No,No,Yes,No,No,
Main Course,Chicken Pho,"Lunch,Dinner",International,Chinese,Non-Vegetarian,gms,No,No,No,No,No,Yes,No,No,
Main Course,Duck Noodle Soup,"Lunch,Dinner",International,Chinese,Non-Vegetarian,gms,No,No,No,No,No,Yes,No,No,
Main Course,Prawn Laksa,"Lunch,Dinner",International,Thai,Non-Vegetarian,gms,No,No,No,No,No,Yes,No,No,
Main Course,Chilli Crab,"Lunch,Dinner",International,Thai,Non-Vegetarian,gms,No,No,No,No,No,Yes,No,No,
Main Course,Beef Rendang,"Lunch,Dinner",International,Thai,Non-Vegetarian,gms,No,No,No,No,No,Yes,No,No,
Main Course,Fish Amok,"Lunch,Dinner",International,Thai,Non-Vegetarian,gms,No,No,No,No,No,Yes,No,No,
Main Course,Korean Fried Chicken,"Lunch,Dinner",International,Thai,Non-Vegetarian,gms,No,No,No,No,No,Yes,No,No,
Main Course,Prawn Tempura,"Lunch,Dinner",International,Thai,Non-Vegetarian,gms,No,No,No,No,No,Yes,No,No,
Main Course,Eel Sushi,"Lunch,Dinner",International,Thai,Non-Vegetarian,gms,No,No,No,No,No,Yes,No,No,
Main Course,Crab Rangoon,"Lunch,Dinner",International,Thai,Non-Vegetarian,gms,No,No,No,No,No,Yes,No,No,
Main Course,Beef Sukiyaki,"Lunch,Dinner",International,Thai,Non-Vegetarian,gms,No,No,No,No,No,Yes,No,No,
Main Course,Pork Tonkatsu,"Lunch,Dinner",International,Thai,Non-Vegetarian,gms,No,No,No,No,No,Yes,No,No,
Main Course,Chicken Teriyaki,"Lunch,Dinner",International,Thai,Non-Vegetarian,gms,No,No,No,No,No,Yes,No,No,
Main Course,Chicken Biryani,"Lunch,Dinner",International,Thai,Non-Vegetarian,gms,No,No,No,No,No,Yes,No,No,
Main Course,Salmon Teriyaki,"Lunch,Dinner",International,Thai,Non-Vegetarian,gms,No,No,No,No,No,Yes,No,No,
Main Course,Chicken Adobo,"Lunch,Dinner",International,Thai,Non-Vegetarian,gms,No,No,No,No,No,Yes,No,No,
Main Course,Kung Pao Chicken,"Lunch,Dinner",International,Thai,Non-Vegetarian,gms,No,No,No,No,No,Yes,No,No,
Main Course,Char Siu,"Lunch,Dinner",International,Thai,Non-Vegetarian,gms,No,No,No,No,No,Yes,No,No,
Main Course,Mongolian Beef,"Lunch,Dinner",International,Thai,Non-Vegetarian,gms,No,No,No,No,No,Yes,No,No,
Main Course,Black Pepper Beef,"Lunch,Dinner",International,Thai,Non-Vegetarian,gms,No,No,No,No,No,Yes,No,No,
Main Course,Hainanese Chicken Rice,"Lunch,Dinner",International,Thai,Non-Vegetarian,gms,No,No,No,No,No,Yes,No,No,
Main Course,Crispy Duck,"Lunch,Dinner",International,Thai,Non-Vegetarian,gms,No,No,No,No,No,Yes,No,No,
Main Course,Pork Belly Buns,"Lunch,Dinner",International,Thai,Non-Vegetarian,gms,No,No,Yes,No,No,Yes,Yes,No,
Main Course,Prawn Curry,"Lunch,Dinner",International,Thai,Non-Vegetarian,gms,No,No,Yes,No,No,Yes,Yes,No,
Main Course,Beef Noodles,"Lunch,Dinner",International,Thai,Non-Vegetarian,gms,No,No,Yes,No,No,Yes,Yes,No,
Main Course,Shrimp Fried Rice,"Lunch,Dinner",International,Thai,Non-Vegetarian,gms,No,No,Yes,No,No,Yes,Yes,No,
Main Course,Beef and Broccoli,"Lunch,Dinner",International,Thai,Non-Vegetarian,gms,No,No,Yes,No,No,Yes,Yes,No,
Main Course,Lamb Korma,"Lunch,Dinner",International,Japanese,Non-Vegetarian,gms,No,No,Yes,No,No,Yes,Yes,No,
Main Course,Chicken Tikka Masala,"Lunch,Dinner",International,Japanese,Non-Vegetarian,gms,No,No,Yes,No,No,Yes,Yes,No,
Main Course,Goan Fish Curry,"Lunch,Dinner",International,Japanese,Non-Vegetarian,gms,No,No,Yes,No,No,Yes,Yes,No,
Main Course,Malaysian Beef Rendang,"Lunch,Dinner",International,Japanese,Non-Vegetarian,gms,No,No,Yes,No,No,Yes,Yes,No,
Main Course,Szechuan Chicken,"Lunch,Dinner",International,Japanese,Non-Vegetarian,gms,No,No,Yes,No,No,Yes,Yes,No,
Main Course,Seafood Paella,"Lunch,Dinner",International,Japanese,Non-Vegetarian,gms,No,No,Yes,No,No,Yes,Yes,No,
Main Course,Pork Dumplings,"Lunch,Dinner",International,Japanese,Non-Vegetarian,gms,No,No,Yes,No,No,Yes,Yes,No,
Main Course,Chicken Rice Porridge,"Lunch,Dinner",International,Japanese,Non-Vegetarian,gms,No,No,Yes,No,No,Yes,Yes,No,
Main Course,Beef Udon,"Lunch,Dinner",International,Japanese,Non-Vegetarian,gms,No,No,Yes,No,No,Yes,Yes,No,
Main Course,Steamed Fish,"Lunch,Dinner",International,Japanese,Non-Vegetarian,gms,No,No,Yes,No,No,Yes,Yes,No,
Main Course,Sambal Prawns,"Lunch,Dinner",International,Japanese,Non-Vegetarian,gms,No,No,Yes,No,No,Yes,Yes,No,
Main Course,Chicken Banh Mi,"Lunch,Dinner",International,Japanese,Non-Vegetarian,gms,No,No,Yes,No,No,Yes,Yes,No,
Main Course,Vietnamese Shaking Beef,"Lunch,Dinner",International,Japanese,Non-Vegetarian,gms,No,No,Yes,No,No,Yes,Yes,No,
Main Course,Duck Confit,"Lunch,Dinner",International,Japanese,Non-Vegetarian,gms,No,No,Yes,No,No,Yes,Yes,No,
Main Course,Honey Walnut Shrimp,"Lunch,Dinner",International,Japanese,Non-Vegetarian,gms,No,No,Yes,No,No,Yes,Yes,No,
Main Course,Beef Bulgogi Bibimbap,"Lunch,Dinner",International,Japanese,Non-Vegetarian,gms,No,No,Yes,No,No,Yes,Yes,No,
Main Course,Garlic Shrimp,"Lunch,Dinner",International,Japanese,Non-Vegetarian,gms,No,No,Yes,No,No,Yes,Yes,No,
Main Course,Beef Tataki,"Lunch,Dinner",International,Japanese,Non-Vegetarian,gms,No,No,Yes,No,No,Yes,Yes,No,
Main Course,Chicken Teriyaki Don,"Lunch,Dinner",International,Japanese,Non-Vegetarian,gms,No,No,Yes,No,No,Yes,Yes,No,
Main Course,Grilled Mackerel,"Lunch,Dinner",International,Japanese,Non-Vegetarian,gms,No,No,Yes,No,No,Yes,Yes,No,
Main Course,Soft Shell Crab,"Lunch,Dinner",International,Japanese,Non-Vegetarian,gms,No,No,Yes,No,No,Yes,Yes,No,
Main Course,Pork Gyoza,"Lunch,Dinner",International,Japanese,Non-Vegetarian,gms,No,No,Yes,No,No,Yes,Yes,No,
Main Course,Chicken Katsu Curry,"Lunch,Dinner",International,Japanese,Non-Vegetarian,gms,No,No,Yes,No,No,Yes,Yes,No,
Main Course,Shrimp Sushi,"Lunch,Dinner",International,Japanese,Non-Vegetarian,gms,No,No,Yes,No,No,Yes,Yes,No,
Main Course,Beef Ramen,"Lunch,Dinner",International,Japanese,Non-Vegetarian,gms,No,No,Yes,No,No,Yes,Yes,No,
Main Course,Pisto,"Lunch,Dinner",International,Spanish,Vegetarian,portion,No,No,Yes,No,Yes,Yes,No,No,
Main Course,Tortilla Española,"Lunch,Dinner",International,Spanish,Vegetarian,portion,No,No,Yes,No,Yes,Yes,No,No,
Main Course,Patatas a lo Pobre,"Lunch,Dinner",International,Spanish,Vegetarian,portion,No,No,Yes,No,Yes,Yes,No,No,
Main Course,Gazpacho,"Lunch,Dinner",International,Spanish,Vegetarian,portion,No,No,Yes,No,Yes,Yes,No,No,
Main Course,Salmorejo,"Lunch,Dinner",International,Spanish,Vegetarian,portion,No,No,Yes,No,Yes,Yes,No,No,
Main Course,Espinacas con Garbanzos,"Lunch,Dinner",International,Spanish,Vegetarian,portion,No,No,Yes,No,Yes,Yes,No,No,
Main Course,Menestra de Verduras,"Lunch,Dinner",International,Spanish,Vegetarian,portion,No,No,Yes,No,Yes,Yes,No,No,
Main Course,Escalivada,"Lunch,Dinner",International,Spanish,Vegetarian,portion,No,No,Yes,No,Yes,Yes,No,No,
Main Course,Paella de Verduras,"Lunch,Dinner",International,Spanish,Vegetarian,portion,No,No,Yes,No,Yes,Yes,No,No,
Main Course,Pimientos de Padrón,"Lunch,Dinner",International,Spanish,Vegetarian,portion,No,No,Yes,No,Yes,Yes,No,No,
Main Course,Berenjenas Rellenas,"Lunch,Dinner",International,Spanish,Vegetarian,portion,No,No,Yes,No,Yes,Yes,No,No,
Main Course,Pisto Manchego,"Lunch,Dinner",International,Spanish,Vegetarian,portion,No,No,Yes,No,Yes,Yes,No,No,
Main Course,Croquetas de Espinacas,"Lunch,Dinner",International,Spanish,Vegetarian,portion,No,No,Yes,No,Yes,Yes,No,No,
Main Course,Empanada de Verduras,"Lunch,Dinner",International,Spanish,Vegetarian,portion,No,No,Yes,No,Yes,Yes,No,No,
Main Course,Ajo Blanco,"Lunch,Dinner",International,Spanish,Vegetarian,portion,No,No,Yes,No,Yes,Yes,No,No,
Main Course,Calabacines Rellenos,"Lunch,Dinner",International,Spanish,Vegetarian,portion,No,No,Yes,No,Yes,Yes,No,No,
Main Course,Patatas Revolconas,"Lunch,Dinner",International,Spanish,Vegetarian,portion,No,No,Yes,No,Yes,Yes,No,No,
Main Course,Lasagna,"Lunch,Dinner",International,Italian,Vegetarian,portion,No,No,Yes,No,Yes,Yes,No,No,
Main Course,Ravioli di Zucca,"Lunch,Dinner",International,Italian,Vegetarian,portion,No,No,Yes,No,Yes,Yes,No,No,
Main Course,Pasta Primavera,"Lunch,Dinner",International,Italian,Vegetarian,portion,No,No,Yes,No,Yes,Yes,No,No,
Main Course,Melanzane alla Parmigiana,"Lunch,Dinner",International,Italian,Vegetarian,portion,No,No,Yes,No,Yes,Yes,No,No,
Main Course,Risotto ai Funghi,"Lunch,Dinner",International,Italian,Vegetarian,portion,No,No,Yes,No,Yes,Yes,No,No,
Main Course,Spaghetti Aglio e Olio,"Lunch,Dinner",International,Italian,Vegetarian,portion,No,No,Yes,No,Yes,Yes,No,No,
Main Course,Gnocchi al Pesto,"Lunch,Dinner",International,Italian,Vegetarian,portion,No,No,Yes,No,Yes,Yes,No,No,
Main Course,Minestrone,"Lunch,Dinner",International,Italian,Vegetarian,portion,No,No,Yes,No,Yes,Yes,No,No,
Main Course,Fettuccine Alfredo,"Lunch,Dinner",International,Italian,Vegetarian,portion,No,No,Yes,No,Yes,Yes,No,No,
Main Course,Penne Arrabbiata,"Lunch,Dinner",International,Italian,Vegetarian,portion,No,No,Yes,No,Yes,Yes,No,No,
Main Course,Pizza Margherita,"Lunch,Dinner",International,Italian,Vegetarian,portion,No,No,Yes,No,Yes,Yes,No,No,
Main Course,Caprese Salad,"Lunch,Dinner",International,Italian,Vegetarian,portion,No,No,Yes,No,Yes,Yes,No,No,
Main Course,Pasta e Fagioli,"Lunch,Dinner",International,Italian,Vegetarian,portion,No,No,Yes,No,Yes,Yes,No,No,
Main Course,Bruschetta al Pomodoro,"Lunch,Dinner",International,Italian,Vegetarian,portion,No,No,Yes,No,Yes,Yes,No,No,
Main Course,Tortellini in Brodo,"Lunch,Dinner",International,Italian,Vegetarian,portion,No,No,Yes,No,Yes,Yes,No,No,
Main Course,Cannelloni,"Lunch,Dinner",International,Italian,Vegetarian,portion,No,No,Yes,No,Yes,Yes,No,No,
Main Course,Panzanella,"Lunch,Dinner",International,Italian,Vegetarian,portion,No,No,Yes,No,Yes,Yes,No,No,
Main Course,Vegetarian Tacos,"Lunch,Dinner",International,Mexican,Vegetarian,portion,No,No,Yes,No,Yes,Yes,No,No,
Main Course,Enchiladas de Queso,"Lunch,Dinner",International,Mexican,Vegetarian,portion,No,No,Yes,No,Yes,Yes,No,No,
Main Course,Chiles Rellenos,"Lunch,Dinner",International,Mexican,Vegetarian,portion,No,No,Yes,No,Yes,Yes,No,No,
Main Course,Tostadas de Frijoles,"Lunch,Dinner",International,Mexican,Vegetarian,portion,No,No,Yes,No,Yes,Yes,No,No,
Main Course,Quesadillas de Huitlacoche,"Lunch,Dinner",International,Mexican,Vegetarian,portion,No,No,Yes,No,Yes,Yes,No,No,
Main Course,Sopa de Tortilla,"Lunch,Dinner",International,Mexican,Vegetarian,portion,No,No,Yes,No,Yes,Yes,No,No,
Main Course,Tamales de Elote,"Lunch,Dinner",International,Mexican,Vegetarian,portion,No,No,Yes,No,Yes,Yes,No,No,
Main Course,Pozole Vegetariano,"Lunch,Dinner",International,Mexican,Vegetarian,portion,No,No,Yes,No,Yes,Yes,No,No,
Main Course,Flautas de Papa,"Lunch,Dinner",International,Mexican,Vegetarian,portion,No,No,Yes,No,Yes,Yes,No,No,
Main Course,Tamal de Rajas,"Lunch,Dinner",International,Mexican,Vegetarian,portion,No,No,Yes,No,Yes,Yes,No,No,
Main Course,Sopes de Frijol,"Lunch,Dinner",International,Mexican,Vegetarian,portion,No,No,Yes,No,Yes,Yes,No,No,
Main Course,Tacos de Papa,"Lunch,Dinner",International,Mexican,Vegetarian,portion,No,No,Yes,No,Yes,Yes,No,No,
Main Course,Chilaquiles Verdes,"Lunch,Dinner",International,Mexican,Vegetarian,portion,No,No,Yes,No,Yes,Yes,No,No,
Main Course,Tacos de Nopal,"Lunch,Dinner",International,Mexican,Vegetarian,portion,No,No,Yes,No,Yes,Yes,No,No,
Main Course,Quesadilla de Flor de Calabaza,"Lunch,Dinner",International,Mexican,Vegetarian,portion,No,No,Yes,No,Yes,Yes,No,No,
Main Course,Ensalada de Nopales,"Lunch,Dinner",International,Mexican,Vegetarian,portion,No,No,Yes,No,Yes,Yes,No,No,
Main Course,Paella,"Lunch,Dinner",International,Spanish,Non-Vegetarian,gms,No,No,No,No,Yes,Yes,No,No,
Main Course,Fabada Asturiana,"Lunch,Dinner",International,Spanish,Non-Vegetarian,gms,No,No,No,No,Yes,Yes,No,No,
Main Course,Caldo Gallego,"Lunch,Dinner",International,Spanish,Non-Vegetarian,gms,No,No,No,No,Yes,Yes,No,No,
Main Course,Cocido Madrileño,"Lunch,Dinner",International,Spanish,Non-Vegetarian,gms,No,No,No,No,Yes,Yes,No,No,
Main Course,Pollo al Ajillo,"Lunch,Dinner",International,Spanish,Non-Vegetarian,gms,No,No,No,No,Yes,Yes,No,No,
Main Course,Callos a la Madrileña,"Lunch,Dinner",International,Spanish,Non-Vegetarian,gms,No,No,No,No,Yes,Yes,No,No,
Main Course,Rabo de Toro,"Lunch,Dinner",International,Spanish,Non-Vegetarian,gms,No,No,No,No,Yes,Yes,No,No,
Main Course,Merluza a la Gallega,"Lunch,Dinner",International,Spanish,Non-Vegetarian,gms,No,No,No,No,Yes,Yes,No,No,
Main Course,Chorizo a la Sidra,"Lunch,Dinner",International,Spanish,Non-Vegetarian,gms,No,No,No,No,Yes,Yes,No,No,
Main Course,Bacalao a la Vizcaína,"Lunch,Dinner",International,Spanish,Non-Vegetarian,gms,No,No,No,No,Yes,Yes,No,No,
Main Course,Gambas al Ajillo,"Lunch,Dinner",International,Spanish,Non-Vegetarian,gms,No,No,No,No,Yes,Yes,No,No,
Main Course,Pulpo a la Gallega,"Lunch,Dinner",International,Spanish,Non-Vegetarian,gms,No,No,No,No,Yes,Yes,No,No,
Main Course,Piquillos Rellenos,"Lunch,Dinner",International,Spanish,Non-Vegetarian,gms,No,No,No,No,Yes,Yes,No,No,
Main Course,Chuletas de Cordero,"Lunch,Dinner",International,Spanish,Non-Vegetarian,gms,No,No,No,No,Yes,Yes,No,No,
Main Course,Caldereta de Cordero,"Lunch,Dinner",International,Spanish,Non-Vegetarian,gms,No,No,No,No,Yes,Yes,No,No,
Main Course,Albondigas,"Lunch,Dinner",International,Spanish,Non-Vegetarian,gms,No,No,No,No,Yes,Yes,No,No,
Main Course,Lomo de Cerdo a la Plancha,"Lunch,Dinner",International,Spanish,Non-Vegetarian,gms,No,No,No,No,Yes,Yes,No,No,
Main Course,Pollo alla Cacciatora,"Lunch,Dinner",International,Italian,Non-Vegetarian,gms,No,No,No,No,Yes,Yes,No,No,
Main Course,Osso Buco,"Lunch,Dinner",International,Italian,Non-Vegetarian,gms,No,No,No,No,Yes,Yes,No,No,
Main Course,Saltimbocca,"Lunch,Dinner",International,Italian,Non-Vegetarian,gms,No,No,No,No,Yes,Yes,No,No,
Main Course,Risotto al Nero di Seppia,"Lunch,Dinner",International,Italian,Non-Vegetarian,gms,No,No,No,No,Yes,Yes,No,No,
Main Course,Vitello Tonnato,"Lunch,Dinner",International,Italian,Non-Vegetarian,gms,No,No,No,No,Yes,Yes,No,No,
Main Course,Spaghetti alle Vongole,"Lunch,Dinner",International,Italian,Non-Vegetarian,gms,No,No,No,No,Yes,Yes,No,No,
Main Course,Fettuccine Alfredo con Pollo,"Lunch,Dinner",International,Italian,Non-Vegetarian,gms,No,No,No,No,Yes,Yes,No,No,
Main Course,Lasagna al Forno,"Lunch,Dinner",International,Italian,Non-Vegetarian,gms,No,No,No,No,Yes,Yes,No,No,
Main Course,Pasta alla Bolognese,"Lunch,Dinner",International,Italian,Non-Vegetarian,gms,No,No,No,No,Yes,Yes,No,No,
Main Course,Cotoletta alla Milanese,"Lunch,Dinner",International,Italian,Non-Vegetarian,gms,No,No,No,No,Yes,Yes,No,No,
Main Course,Risotto alla Milanese,"Lunch,Dinner",International,Italian,Non-Vegetarian,gms,No,No,No,No,Yes,Yes,No,No,
Main Course,Arancini di Carne,"Lunch,Dinner",International,Italian,Non-Vegetarian,gms,No,No,No,No,Yes,Yes,No,No,
Main Course,Pizza con Prosciutto,"Lunch,Dinner",International,Italian,Non-Vegetarian,gms,No,No,No,No,Yes,Yes,No,No,
Main Course,Calamari Fritti,"Lunch,Dinner",International,Italian,Non-Vegetarian,gms,No,No,No,No,Yes,Yes,No,No,
Main Course,Pollo al Marsala,"Lunch,Dinner",International,Italian,Non-Vegetarian,gms,No,No,No,No,Yes,Yes,No,No,
Main Course,Tagliatelle al Ragu,"Lunch,Dinner",International,Italian,Non-Vegetarian,gms,No,No,No,No,Yes,Yes,No,No,
Main Course,Risotto ai Frutti di Mare,"Lunch,Dinner",International,Italian,Non-Vegetarian,gms,No,No,No,No,Yes,Yes,No,No,
Main Course,Tacos al Pastor,"Lunch,Dinner",International,Mexican,Non-Vegetarian,gms,No,No,No,No,Yes,Yes,No,No,
Main Course,Mole Poblano,"Lunch,Dinner",International,Mexican,Non-Vegetarian,gms,No,No,No,No,Yes,Yes,No,No,
Main Course,Pozole Rojo,"Lunch,Dinner",International,Mexican,Non-Vegetarian,gms,No,No,No,No,Yes,Yes,No,No,
Main Course,Carnitas,"Lunch,Dinner",International,Mexican,Non-Vegetarian,gms,No,No,No,No,Yes,Yes,No,No,
Main Course,Cochinita Pibil,"Lunch,Dinner",International,Mexican,Non-Vegetarian,gms,No,No,No,No,Yes,Yes,No,No,
Main Course,Enchiladas Verdes,"Lunch,Dinner",International,Mexican,Non-Vegetarian,gms,No,No,No,No,Yes,Yes,No,No,
Main Course,Chiles en Nogada,"Lunch,Dinner",International,Mexican,Non-Vegetarian,gms,No,No,No,No,Yes,Yes,No,No,
Main Course,Tacos de Pescado,"Lunch,Dinner",International,Mexican,Non-Vegetarian,gms,No,No,No,No,Yes,Yes,No,No,
Main Course,Birria,"Lunch,Dinner",International,Mexican,Non-Vegetarian,gms,No,No,No,No,Yes,Yes,No,No,
Main Course,Tamales de Pollo,"Lunch,Dinner",International,Mexican,Non-Vegetarian,gms,No,No,No,No,Yes,Yes,No,No,
Main Course,Sopa de Mariscos,"Lunch,Dinner",International,Mexican,Non-Vegetarian,gms,No,No,No,No,Yes,Yes,No,No,
Main Course,Tacos de Barbacoa,"Lunch,Dinner",International,Mexican,Non-Vegetarian,gms,No,No,No,No,Yes,Yes,No,No,
Main Course,Fajitas de Res,"Lunch,Dinner",International,Mexican,Non-Vegetarian,gms,No,No,No,No,Yes,Yes,No,No,
Main Course,Torta de Milanesa,"Lunch,Dinner",International,Mexican,Non-Vegetarian,gms,No,No,No,No,Yes,Yes,No,No,
Main Course,Queso Fundido con Chorizo,"Lunch,Dinner",International,Mexican,Non-Vegetarian,gms,No,No,No,No,Yes,Yes,No,No,
Main Course,Chilaquiles con Pollo,"Lunch,Dinner",International,Mexican,Non-Vegetarian,gms,No,No,No,No,Yes,Yes,No,No,